{
    "BaseLine": [0.0, 0.0017857142857142857],
    "minilm": [
        [0.3875, 0.5271350811544778],
        [0.0, 0.27321428571428574],
        [0.4, 0.5191666666666667],
        [0.4074074074074074, 0.5952380952380951],
        [0.6521739130434783, 0.7722567287784677],
        [0.37575757575757573, 0.5194405115956842], {
            "time": 76.43056559562683
        }
    ],
    "roberta": [
        [0.43125, 0.5546326243201244],
        [0.0, 0.3760714285714286],
        [0.4, 0.5316666666666666],
        [0.4074074074074074, 0.5617283950617284],
        [0.6521739130434783, 0.7877846790890269],
        [0.41818181818181815, 0.5492216789944063], {
            "time": 167.4342930316925
        }
    ],
    "distilbert": [
        [0.4, 0.5247054456794159],
        [0.0, 0.1],
        [0.35, 0.3958333333333333],
        [0.4074074074074074, 0.5551146384479717],
        [0.6521739130434783, 0.8228451563691838],
        [0.3878787878787879, 0.5118355836891306], {
            "time": 89.58538460731506
        }
    ],
    "roberta_exp_comment": [
        [0.2375, 0.30653002040230287],
        [0.0, 0.18764432448642973],
        [0.15, 0.18333333333333332],
        [0.14814814814814814, 0.25000000000000006],
        [0.391304347826087, 0.43892339544513453],
        [0.23030303030303031, 0.30292742355636737], {
            "time": 251.90978455543518
        }
    ],
    "roberta_exp_concat": [
        [0.1875, 0.49128499564161326],
        [0.0, 0.4832637646591135],
        [0.15, 0.41166666666666674],
        [0.1111111111111111, 0.4492719214941436],
        [0.34782608695652173, 0.7039855072463768],
        [0.18181818181818182, 0.49104192803608304], {
            "time": 368.650577545166
        }
    ],
    "embeddings": [0.45714285714285713, {
        "time": 27.17430281639099
    }],
    "cross-encoder": [0.4, {
        "time": 7.617624759674072
    }],
    "cross-encoder-passage": [0.6069651741293532]
}